source_parent	46b20d22387ea8b4ab7a070f0b2511bf9886003f
178207bc7b8770918cb0678857280854fd0b0bce2a70a26e102a5bce77bae549  _build/default/src/bin/main.exe
44b5600f761f497a239080147f58d6c0729eff4c3d93178684980d05b3b256aa  demo/safe-root/compare.c
c88e0be15fe2d72cbbe4ab0c99230c2cd9dce30ca8ab66ae84339dc578222742  demo/safe-root/safe_root.c
b4e44125e1fb5f2083ab712cd6a729cb9db8dd46b6172adec47f2c5722f83110  demo/safe-root/safe_root_avx2.c
924afad79b5e83d0285db46a561529b7c9987627b07760ffd9e9d38f18c29693  demo/safe-root/safe_root.rk
ab0e687479c281be31abb9440cd7b6eebf7f56ccea43850e42db2c3405ebd6c4  demo/safe-root/run.sh
8e06b614986354032a2eaa6f0f4fee68df2065ad3905b9d20d54f48ae160ea77  .build/safe-root/compare
3956c411b7bb1840ff3671eaf42ee7d0c8a7e34d560c376862d39170b82cfc0c  .build/safe-root/c.o
e454c09816ae7c44e7dabf69431f77a3dea6d27d025620af23e3127bf78e08c6  .build/safe-root/c-scalar.o
800b36879b024f9c549e3357c9cb895f25c2e27149606ef693e0e0869fe58e29  .build/safe-root/c-intrinsics.o
5eb067a4e010b2bae07c2c0e98fd5727af43b08b446d14093c28764812150fdb  .build/safe-root/safe_root.o
c_compiler	gcc (GCC) 14.3.0
c_flags	-std=gnu11 -O3 -mavx2 -ffp-contract=off -fno-fast-math -fno-math-errno -Wall -Wextra -Werror
scalar_extra_flags	-fno-tree-vectorize -Dsafe_root_c=safe_root_c_scalar
cpu	AMD Ryzen 7 5800X3D 8-Core Processor
elements	1000000
record	variant	sample	milliseconds
sample	c-scalar	0	3.845358249
sample	c-scalar	1	3.858653501
sample	c-scalar	2	3.845660751
sample	c-scalar	3	3.844678249
sample	c-scalar	4	3.847943251
sample	c-scalar	5	3.847458498
sample	c-scalar	6	3.851188249
sample	c-scalar	7	3.848930748
sample	c-scalar	8	3.839913250
sample	c-scalar	9	3.872908252
sample	c-scalar	10	3.847641001
sample	c-scalar	11	3.880253247
sample	c-scalar	12	3.860723249
sample	c-scalar	13	3.859801000
sample	c-scalar	14	3.870501001
sample	c-scalar	15	3.874670751
sample	c-scalar	16	3.860028250
sample	c-scalar	17	3.905041001
sample	c-scalar	18	3.897558250
sample	c-scalar	19	3.892993249
sample	c-scalar	20	3.896773247
sample	c-scalar	21	4.023745751
sample	c-scalar	22	3.894330752
sample	c-scalar	23	4.125543252
sample	c-scalar	24	4.176885752
sample	c-scalar	25	4.012168250
sample	c-scalar	26	3.978958248
sample	c-scalar	27	4.144877999
sample	c-scalar	28	3.864855749
sample	c-scalar	29	3.891523247
sample	c-scalar	30	3.885458253
median	c-scalar	31	3.872908252
sample	c-auto	0	0.141254997
sample	c-auto	1	0.142217501
sample	c-auto	2	0.141260000
sample	c-auto	3	0.142435001
sample	c-auto	4	0.142357498
sample	c-auto	5	0.141249999
sample	c-auto	6	0.142084999
sample	c-auto	7	0.140962500
sample	c-auto	8	0.142167501
sample	c-auto	9	0.142910001
sample	c-auto	10	0.142612251
sample	c-auto	11	0.145332499
sample	c-auto	12	0.142080000
sample	c-auto	13	0.142462501
sample	c-auto	14	0.143354748
sample	c-auto	15	0.142170000
sample	c-auto	16	0.143377500
sample	c-auto	17	0.143362500
sample	c-auto	18	0.143365000
sample	c-auto	19	0.144275000
sample	c-auto	20	0.144382251
sample	c-auto	21	0.143372501
sample	c-auto	22	0.144425001
sample	c-auto	23	0.181085001
sample	c-auto	24	0.143497498
sample	c-auto	25	0.143370002
sample	c-auto	26	0.142547502
sample	c-auto	27	0.142354751
sample	c-auto	28	0.143804999
sample	c-auto	29	0.142802499
sample	c-auto	30	0.142762499
median	c-auto	31	0.142762499
sample	c-intrinsics	0	0.142320001
sample	c-intrinsics	1	0.141490000
sample	c-intrinsics	2	0.142832250
sample	c-intrinsics	3	0.143837500
sample	c-intrinsics	4	0.141407250
sample	c-intrinsics	5	0.142457498
sample	c-intrinsics	6	0.142335000
sample	c-intrinsics	7	0.142122499
sample	c-intrinsics	8	0.141822500
sample	c-intrinsics	9	0.141817502
sample	c-intrinsics	10	0.142094999
sample	c-intrinsics	11	0.146717499
sample	c-intrinsics	12	0.141017499
sample	c-intrinsics	13	0.143627502
sample	c-intrinsics	14	0.143099751
sample	c-intrinsics	15	0.141027500
sample	c-intrinsics	16	0.144875001
sample	c-intrinsics	17	0.144340003
sample	c-intrinsics	18	0.143599751
sample	c-intrinsics	19	0.143442499
sample	c-intrinsics	20	0.143555000
sample	c-intrinsics	21	0.144992253
sample	c-intrinsics	22	0.141050001
sample	c-intrinsics	23	0.177207497
sample	c-intrinsics	24	0.143335001
sample	c-intrinsics	25	0.144292502
sample	c-intrinsics	26	0.143744750
sample	c-intrinsics	27	0.142417499
sample	c-intrinsics	28	0.143482248
sample	c-intrinsics	29	0.143950001
sample	c-intrinsics	30	0.144174752
median	c-intrinsics	31	0.143335001
sample	rake	0	0.141787248
sample	rake	1	0.142962250
sample	rake	2	0.143897501
sample	rake	3	0.144772501
sample	rake	4	0.143475001
sample	rake	5	0.141702250
sample	rake	6	0.144344751
sample	rake	7	0.141272500
sample	rake	8	0.143759749
sample	rake	9	0.143717498
sample	rake	10	0.141857250
sample	rake	11	0.144752499
sample	rake	12	0.142832250
sample	rake	13	0.142847250
sample	rake	14	0.141772500
sample	rake	15	0.145567501
sample	rake	16	0.145014750
sample	rake	17	0.143717250
sample	rake	18	0.144917500
sample	rake	19	0.144725000
sample	rake	20	0.145272501
sample	rake	21	0.156642502
sample	rake	22	0.142627250
sample	rake	23	0.145082249
sample	rake	24	0.144879748
sample	rake	25	0.144659749
sample	rake	26	0.145337501
sample	rake	27	0.143987498
sample	rake	28	0.145195001
sample	rake	29	0.144302499
sample	rake	30	0.144837497
median	rake	31	0.144302499
